claim_id,customer_id,employee_id,city,zone,category,severity,status,payout_amount,txn_id,layers_passed,distance,fraud_flag,fraud_reason,flag_count,auto_approve,fraud_decision,created_at
RAI-001,ZMT-7833312,CHN-2000063,Chennai,Adyar,RAI,Minor,paid,433,PAY-ZMT7833312-001,5,3.8,False,,0,True,clean,2026-02-15
FLD-001,ZMT-5187788,PUN-6000009,Pune,Shivajinagar,FLD,Severe,pending,1398,PAY-ZMT5187788-001,5,3.9,False,,0,True,clean,2026-02-22
AQI-001,ZMT-6349565,KOL-3000055,Kolkata,Behala,AQI,Moderate,paid,1238,PAY-ZMT6349565-001,5,4.7,False,,0,True,clean,2026-01-29
CRF-001,ZMT-1166623,PUN-6000054,Pune,Shivajinagar,CRF,Minor,paid,435,PAY-ZMT1166623-001,5,3.5,False,,0,True,clean,2026-03-09
FOG-001,ZMT-4768844,KOL-3000006,Kolkata,Tollygunge,FOG,Minor,pending,488,PAY-ZMT4768844-001,5,5.0,False,,0,True,clean,2026-02-13
AQI-002,SWG-5779824,KOL-3000048,Kolkata,Dunlop,AQI,Moderate,paid,1062,PAY-SWG5779824-001,5,0.4,False,,0,True,clean,2026-01-12
HTV-001,SWG-1308508,AMD-7000026,Ahmedabad,Satellite,HTV,Moderate,rejected,0,,5,2.1,False,,0,True,clean,2026-02-27
FLD-002,SWG-6346688,DEL-5000033,Delhi,Laxmi Nagar,FLD,Moderate,rejected,0,,5,2.5,False,,0,True,clean,2026-02-25
RAI-002,SWG-4240180,KOL-3000005,Kolkata,Shyambazar,RAI,Minor,paid,377,PAY-SWG4240180-001,5,0.4,False,,0,True,clean,2026-01-24
FLD-003,ZMT-4831443,DEL-5000072,Delhi,Laxmi Nagar,FLD,Moderate,paid,1035,PAY-ZMT4831443-001,5,0.7,False,,0,True,clean,2026-01-27
RAI-003,ZMT-7215633,BLR-1000048,Bengaluru,Koramangala,RAI,Severe,paid,1936,PAY-ZMT7215633-001,5,2.3,False,,0,True,clean,2026-01-27
STM-001,ZMT-5666692,JAI-8000005,Jaipur,Jagatpura,STM,Minor,rejected,0,,5,0.5,False,,0,True,clean,2026-01-02
STM-002,ZMT-8898995,JAI-8000032,Jaipur,Sanganer,STM,Minor,rejected,0,,5,0.4,False,,0,True,clean,2026-02-10
RAI-004,SWG-2033804,HYD-4000076,Hyderabad,LB Nagar,RAI,Minor,paid,584,PAY-SWG2033804-001,5,2.8,False,,0,True,clean,2026-01-15
STM-003,SWG-2229110,AMD-7000002,Ahmedabad,Satellite,STM,Severe,paid,2491,PAY-SWG2229110-001,5,1.8,False,,0,True,clean,2026-03-10
AQI-003,ZMT-9907365,CHN-2000036,Chennai,T Nagar,AQI,Minor,pending,640,PAY-ZMT9907365-001,5,3.3,False,,0,True,clean,2026-02-04
STM-004,ZMT-4016809,DEL-5000023,Delhi,Karol Bagh,STM,Moderate,paid,1286,PAY-ZMT4016809-001,5,0.8,False,,0,True,clean,2026-03-15
FOG-002,ZMT-1377156,JAI-8000035,Jaipur,Jagatpura,FOG,Moderate,paid,1082,PAY-ZMT1377156-001,5,3.0,False,,0,True,clean,2025-12-26
RAI-005,SWG-4841005,BLR-1000001,Bengaluru,Koramangala,RAI,Moderate,paid,1221,PAY-SWG4841005-001,5,2.7,False,,0,True,clean,2025-12-23
FLD-004,SWG-9567725,CHN-2000018,Chennai,Anna Nagar,FLD,Moderate,paid,1416,PAY-SWG9567725-001,5,7.7,False,,0,True,clean,2026-01-25
WND-001,ZMT-1499778,KOL-3000084,Kolkata,Salt Lake,WND,Minor,paid,864,PAY-ZMT1499778-001,5,7.7,False,,0,True,clean,2026-01-17
AQI-004,SWG-1437625,SRT-9000023,Surat,Katargam,AQI,Severe,paid,800,PAY-SWG1437625-001,5,1.5,False,,0,True,clean,2025-12-25
STM-005,ZMT-3332267,HYD-4000038,Hyderabad,Hitech City,STM,Minor,paid,726,PAY-ZMT3332267-001,5,10.8,False,,0,True,clean,2025-12-30
FLD-005,SWG-2860938,MUM-1000019,Mumbai,Bandra,FLD,Moderate,paid,1789,PAY-SWG2860938-001,5,3.0,False,,0,True,clean,2025-12-24
RAI-006,ZMT-3050700,JAI-8000010,Jaipur,Sanganer,RAI,Minor,pending,328,PAY-ZMT3050700-001,5,2.5,False,,0,True,clean,2025-12-28
RAI-007,SWG-5035968,AMD-7000060,Ahmedabad,Vatva,RAI,Moderate,pending,941,PAY-SWG5035968-001,5,1.5,False,,0,True,clean,2026-02-03
FLD-006,SWG-3026500,AMD-7000065,Ahmedabad,Vatva,FLD,Minor,paid,449,PAY-SWG3026500-001,5,2.0,False,,0,True,clean,2025-12-23
WND-002,ZMT-7945543,CHN-2000023,Chennai,Adyar,WND,Severe,paid,1178,PAY-ZMT7945543-001,5,4.7,False,,0,True,clean,2026-02-14
FLD-007,SWG-9771756,SRT-9000086,Surat,Katargam,FLD,Severe,paid,993,PAY-SWG9771756-001,5,2.3,False,,0,True,clean,2025-12-29
CRF-002,ZMT-1763562,KOL-3000036,Kolkata,Salt Lake,CRF,Moderate,paid,1835,PAY-ZMT1763562-001,5,8.7,False,,0,True,clean,2026-02-08
RAI-008,ZMT-7826244,BLR-1000049,Bengaluru,Whitefield,RAI,Minor,paid,634,PAY-ZMT7826244-001,5,12.1,False,,0,True,clean,2025-12-29
FOG-003,ZMT-8767916,BLR-1000010,Bengaluru,Koramangala,FOG,Minor,paid,732,PAY-ZMT8767916-001,5,8.7,False,,0,True,clean,2026-01-28
RAI-009,ZMT-2004736,CHN-2000095,Chennai,Saidapet,RAI,Minor,paid,499,PAY-ZMT2004736-001,5,0.7,False,,0,True,clean,2026-01-21
CRF-003,SWG-6748402,MUM-1000089,Mumbai,Wadala,CRF,Moderate,paid,1267,PAY-SWG6748402-001,5,3.6,False,,0,True,clean,2026-02-01
RAI-010,SWG-5875071,DEL-5000058,Delhi,Dwarka,RAI,Minor,paid,640,PAY-SWG5875071-001,5,4.8,False,,0,True,clean,2026-01-17
AQI-005,SWG-3182053,MUM-1000051,Mumbai,Mulund,AQI,Moderate,rejected,0,,5,12.3,False,,0,True,clean,2026-01-10
RAI-011,SWG-1666991,SRT-9000073,Surat,Vesu,RAI,Moderate,paid,1192,PAY-SWG1666991-001,5,4.7,False,,0,True,clean,2026-02-05
FLD-008,SWG-3989029,SRT-9000057,Surat,Udhna,FLD,Minor,paid,425,PAY-SWG3989029-001,5,0.0,False,,0,True,clean,2026-02-07
AQI-006,SWG-5351203,MUM-1000045,Mumbai,Mulund,AQI,Minor,paid,928,PAY-SWG5351203-001,5,0.5,False,,0,True,clean,2026-02-04
AQI-007,SWG-2375453,SRT-9000002,Surat,Pal,AQI,Moderate,paid,907,PAY-SWG2375453-001,5,0.5,False,,0,True,clean,2026-01-25
RAI-012,SWG-1451296,AMD-7000086,Ahmedabad,Satellite,RAI,Minor,paid,566,PAY-SWG1451296-001,5,6.2,False,,0,True,clean,2026-03-10
AQI-008,SWG-3458755,DEL-5000045,Delhi,Karol Bagh,AQI,Minor,paid,644,PAY-SWG3458755-001,5,5.7,False,,0,True,clean,2026-01-10
RAI-013,ZMT-9768884,AMD-7000055,Ahmedabad,Prahlad Nagar,RAI,Moderate,pending,1172,PAY-ZMT9768884-001,5,1.4,False,,0,True,clean,2026-03-08
RAI-014,SWG-8988612,MUM-1000054,Mumbai,Bandra,RAI,Moderate,paid,1822,PAY-SWG8988612-001,5,6.8,False,,0,True,clean,2026-02-18
FLD-009,SWG-8541631,AMD-7000045,Ahmedabad,CG Road,FLD,Severe,paid,1947,PAY-SWG8541631-001,5,0.3,False,,0,True,clean,2026-02-04
STM-006,ZMT-9626848,DEL-5000069,Delhi,Dwarka,STM,Moderate,paid,1461,PAY-ZMT9626848-001,5,1.8,False,,0,True,clean,2025-12-27
WND-003,ZMT-3612283,BLR-1000078,Bengaluru,Hebbal,WND,Moderate,paid,986,PAY-ZMT3612283-001,5,3.4,False,,0,True,clean,2026-03-07
STM-007,SWG-5755985,MUM-1000090,Mumbai,Powai,STM,Severe,paid,2767,PAY-SWG5755985-001,5,7.5,False,,0,True,clean,2026-03-09
CRF-004,ZMT-1736094,MUM-1000077,Mumbai,Mulund,CRF,Minor,pending,643,PAY-ZMT1736094-001,5,5.5,False,,0,True,clean,2026-02-15
RAI-015,ZMT-7099518,CHN-2000059,Chennai,Adyar,RAI,Minor,paid,523,PAY-ZMT7099518-001,5,0.8,False,,0,True,clean,2026-03-18
HTV-002,SWG-2630140,HYD-4000007,Hyderabad,Hitech City,HTV,Moderate,paid,2226,PAY-SWG2630140-001,5,5.3,False,,0,True,clean,2026-03-10
RAI-016,ZMT-9457564,CHN-2000028,Chennai,T Nagar,RAI,Minor,paid,767,PAY-ZMT9457564-001,5,5.8,False,,0,True,clean,2026-03-15
RAI-017,SWG-2860938,MUM-1000019,Mumbai,Bandra,RAI,Minor,paid,826,PAY-SWG2860938-002,5,5.9,False,,0,True,clean,2026-02-11
FLD-010,SWG-8524550,JAI-8000085,Jaipur,Sanganer,FLD,Moderate,pending,720,PAY-SWG8524550-001,5,0.7,False,,0,True,clean,2026-01-26
EQK-001,ZMT-9267840,SRT-9000064,Surat,Udhna,EQK,Moderate,paid,592,PAY-ZMT9267840-001,5,2.1,False,,0,True,clean,2026-01-23
RAI-018,ZMT-4006909,BLR-1000075,Bengaluru,Whitefield,RAI,Severe,pending,2961,PAY-ZMT4006909-001,5,11.9,False,,0,True,clean,2025-12-29
RAI-019,ZMT-7773209,CHN-2000102,Chennai,Anna Nagar,RAI,Severe,paid,1629,PAY-ZMT7773209-001,5,3.8,False,,0,True,clean,2026-03-19
FOG-004,ZMT-3955091,MUM-1000093,Mumbai,Mulund,FOG,Minor,paid,671,PAY-ZMT3955091-001,5,5.6,False,,0,True,clean,2026-02-26
AQI-009,ZMT-4772246,HYD-4000016,Hyderabad,Uppal,AQI,Minor,paid,385,PAY-ZMT4772246-001,5,0.5,False,,0,True,clean,2026-01-14
RAI-020,SWG-9771756,SRT-9000086,Surat,Katargam,RAI,Moderate,paid,645,PAY-SWG9771756-002,5,0.4,False,,0,True,clean,2025-12-31
RAI-021,SWG-9201172,CHN-2000016,Chennai,Porur,RAI,Severe,paid,2159,PAY-SWG9201172-001,5,3.1,False,,0,True,clean,2025-12-22
RAI-022,SWG-6105140,BLR-1000068,Bengaluru,Koramangala,RAI,Moderate,paid,1442,PAY-SWG6105140-001,5,7.6,False,,0,True,clean,2026-01-09
RAI-023,ZMT-2593059,AMD-7000077,Ahmedabad,Naroda,RAI,Minor,paid,440,PAY-ZMT2593059-001,5,1.5,False,,0,True,clean,2026-01-07
RAI-024,ZMT-8331010,DEL-5000051,Delhi,Karol Bagh,RAI,Minor,pending,634,PAY-ZMT8331010-001,5,1.7,False,,0,True,clean,2025-12-29
RAI-025,SWG-6995933,AMD-7000039,Ahmedabad,Prahlad Nagar,RAI,Minor,paid,728,PAY-SWG6995933-001,5,0.5,False,,0,True,clean,2026-02-10
RAI-026,SWG-3850704,JAI-8000081,Jaipur,Malviya Nagar,RAI,Severe,rejected,0,,2,34.9,True,Severity inflation: claimed Severe with no zone corroboration,5,False,flagged,2026-03-05
RAI-027,ZMT-5409307,HYD-4000017,Hyderabad,Uppal,RAI,Moderate,paid,1127,PAY-ZMT5409307-001,5,1.0,False,,0,True,clean,2026-03-12
FOG-005,ZMT-3730427,MUM-1000076,Mumbai,Andheri,FOG,Minor,paid,747,PAY-ZMT3730427-001,5,7.3,False,,0,True,clean,2026-01-30
RAI-028,ZMT-6484082,CHN-2000110,Chennai,Saidapet,RAI,Severe,pending,1328,PAY-ZMT6484082-001,5,0.8,False,,0,True,clean,2026-03-10
RAI-029,ZMT-9517169,JAI-8000001,Jaipur,Sanganer,RAI,Minor,paid,335,PAY-ZMT9517169-001,5,2.9,False,,0,True,clean,2026-03-10
FLD-011,ZMT-5115393,SRT-9000074,Surat,Pal,FLD,Moderate,paid,937,PAY-ZMT5115393-001,5,8.0,False,,0,True,clean,2026-01-31
AQI-010,SWG-5538377,JAI-8000065,Jaipur,Mansarovar,AQI,Moderate,paid,930,PAY-SWG5538377-001,5,4.0,False,,0,True,clean,2026-02-06
FLD-012,SWG-6079496,SRT-9000049,Surat,Vesu,FLD,Severe,paid,1710,PAY-SWG6079496-001,5,8.8,False,,0,True,clean,2026-02-19
RAI-030,SWG-1509145,BLR-1000097,Bengaluru,Yelahanka,RAI,Moderate,paid,1200,PAY-SWG1509145-001,5,5.5,False,,0,True,clean,2026-02-20
AQI-011,ZMT-2004736,CHN-2000095,Chennai,Saidapet,AQI,Moderate,paid,1081,PAY-ZMT2004736-002,5,0.4,False,,0,True,clean,2026-01-29
RAI-031,ZMT-6740329,KOL-3000096,Kolkata,Tollygunge,RAI,Minor,paid,644,PAY-ZMT6740329-001,5,10.1,False,,0,True,clean,2026-01-22
AQI-012,SWG-8212326,HYD-4000003,Hyderabad,Banjara Hills,AQI,Severe,paid,2503,PAY-SWG8212326-001,5,5.3,False,,0,True,clean,2026-01-10
HTV-003,ZMT-9184838,DEL-5000013,Delhi,Shahdara,HTV,Severe,rejected,0,,5,1.0,False,,0,True,clean,2026-01-03
HTV-004,ZMT-5645358,DEL-5000026,Delhi,Connaught Place,HTV,Moderate,paid,1886,PAY-ZMT5645358-001,5,0.7,False,,0,True,clean,2026-03-17
RAI-032,SWG-8805654,HYD-4000006,Hyderabad,Hitech City,RAI,Minor,paid,709,PAY-SWG8805654-001,5,5.3,False,,0,True,clean,2025-12-25
FLD-013,SWG-7415688,BLR-1000064,Bengaluru,Hebbal,FLD,Severe,paid,1673,PAY-SWG7415688-001,5,1.1,False,,0,True,clean,2025-12-24
FLD-014,SWG-6243691,PUN-6000007,Pune,Baner,FLD,Moderate,rejected,0,,5,8.3,False,,0,True,clean,2026-02-24
CRF-005,SWG-9115789,PUN-6000065,Pune,Baner,CRF,Severe,paid,2172,PAY-SWG9115789-001,5,6.7,False,,0,True,clean,2026-03-06
RAI-033,SWG-9248484,AMD-7000016,Ahmedabad,Naroda,RAI,Minor,paid,310,PAY-SWG9248484-001,5,0.3,False,,0,True,clean,2026-01-11
RAI-034,ZMT-6470706,PUN-6000044,Pune,Baner,RAI,Severe,pending,1875,PAY-ZMT6470706-001,5,6.9,False,,0,True,clean,2026-03-15
FLD-015,ZMT-1237053,JAI-8000070,Jaipur,Sitapura,FLD,Severe,paid,1024,PAY-ZMT1237053-001,5,3.3,False,,0,True,clean,2026-01-02
AQI-013,SWG-8455879,CHN-2000074,Chennai,Porur,AQI,Severe,pending,2266,PAY-SWG8455879-001,5,10.4,False,,0,True,clean,2026-02-15
AQI-014,SWG-7758786,HYD-4000090,Hyderabad,Gachibowli,AQI,Moderate,paid,2290,PAY-SWG7758786-001,5,4.1,False,,0,True,clean,2026-03-03
STM-008,ZMT-3456660,HYD-4000023,Hyderabad,Hitech City,STM,Moderate,paid,1825,PAY-ZMT3456660-001,5,2.8,False,,0,True,clean,2026-01-23
STM-009,SWG-4038433,DEL-5000078,Delhi,Shahdara,STM,Moderate,paid,1000,PAY-SWG4038433-001,5,2.0,False,,0,True,clean,2026-03-09
RAI-035,SWG-2297070,MUM-1000056,Mumbai,Andheri,RAI,Minor,paid,758,PAY-SWG2297070-001,5,1.7,False,,0,True,clean,2026-03-08
STM-010,SWG-7023677,DEL-5000017,Delhi,Karol Bagh,STM,Moderate,paid,1610,PAY-SWG7023677-001,5,6.2,False,,0,True,clean,2026-02-25
STM-011,SWG-4474885,DEL-5000050,Delhi,Dwarka,STM,Severe,paid,2756,PAY-SWG4474885-001,5,4.0,False,,0,True,clean,2026-02-20
RAI-036,SWG-3586439,CHN-2000114,Chennai,Saidapet,RAI,Moderate,paid,897,PAY-SWG3586439-001,5,1.3,False,,0,True,clean,2026-01-09
FLD-016,SWG-6651204,SRT-9000031,Surat,Udhna,FLD,Moderate,paid,687,PAY-SWG6651204-001,5,2.6,False,,0,True,clean,2026-01-08
FOG-006,ZMT-7347794,KOL-3000025,Kolkata,Shyambazar,FOG,Moderate,pending,916,PAY-ZMT7347794-001,5,3.1,False,,0,True,clean,2026-01-01
RAI-037,ZMT-9419789,MUM-1000049,Mumbai,Wadala,RAI,Moderate,paid,1014,PAY-ZMT9419789-001,5,0.9,False,,0,True,clean,2026-01-12
CRF-006,ZMT-1102865,JAI-8000033,Jaipur,Malviya Nagar,CRF,Moderate,paid,1047,PAY-ZMT1102865-001,5,3.3,False,,0,True,clean,2026-03-03
AQI-015,SWG-6542417,SRT-9000082,Surat,Katargam,AQI,Minor,paid,423,PAY-SWG6542417-001,5,1.1,False,,0,True,clean,2026-02-01
RAI-038,ZMT-2927455,CHN-2000008,Chennai,Anna Nagar,RAI,Moderate,rejected,0,,5,6.4,False,,0,True,clean,2026-02-10
RAI-039,ZMT-7788043,HYD-4000022,Hyderabad,Banjara Hills,RAI,Severe,paid,2125,PAY-ZMT7788043-001,5,0.4,False,,0,True,clean,2025-12-29
RAI-040,ZMT-7688732,PUN-6000066,Pune,Deccan,RAI,Moderate,pending,1386,PAY-ZMT7688732-001,5,2.3,False,,0,True,clean,2025-12-27
STM-012,SWG-2826831,DEL-5000034,Delhi,Shahdara,STM,Moderate,paid,798,PAY-SWG2826831-001,5,3.9,False,,0,True,clean,2026-03-02
RAI-041,ZMT-8262122,KOL-3000072,Kolkata,Salt Lake,RAI,Moderate,rejected,0,,5,2.7,False,,0,True,clean,2026-02-17
AQI-016,SWG-8721431,MUM-1000040,Mumbai,Dharavi,AQI,Moderate,rejected,0,,5,1.4,False,,0,True,clean,2026-03-03
RAI-042,ZMT-2456742,PUN-6000081,Pune,Hadapsar,RAI,Severe,pending,1515,PAY-ZMT2456742-001,5,2.6,False,,0,True,clean,2026-03-16
AQI-017,SWG-9201213,HYD-4000075,Hyderabad,Gachibowli,AQI,Moderate,paid,1469,PAY-SWG9201213-001,5,6.9,False,,0,True,clean,2026-02-14
RAI-043,ZMT-2619558,JAI-8000068,Jaipur,Mansarovar,RAI,Moderate,paid,859,PAY-ZMT2619558-001,5,0.2,False,,0,True,clean,2026-01-16
RAI-044,ZMT-7133857,PUN-6000012,Pune,Shivajinagar,RAI,Moderate,paid,1291,PAY-ZMT7133857-001,5,4.9,False,,0,True,clean,2026-03-15
RAI-045,ZMT-7713657,AMD-7000054,Ahmedabad,Naroda,RAI,Severe,paid,1451,PAY-ZMT7713657-001,5,3.6,False,,0,True,clean,2025-12-27
HTV-005,SWG-8284023,KOL-3000026,Kolkata,Dunlop,HTV,Minor,pending,379,PAY-SWG8284023-001,5,0.3,False,,0,True,clean,2026-02-20
FLD-017,SWG-5035968,AMD-7000060,Ahmedabad,Vatva,FLD,Severe,paid,1448,PAY-SWG5035968-002,5,2.9,False,,0,True,clean,2026-01-15
FLD-018,SWG-5150624,PUN-6000025,Pune,Shivajinagar,FLD,Minor,pending,499,PAY-SWG5150624-001,5,1.0,False,,0,True,clean,2025-12-28
AQI-018,ZMT-8676121,BLR-1000057,Bengaluru,Yelahanka,AQI,Severe,rejected,0,,5,4.8,False,,0,True,clean,2026-02-11
CRF-007,SWG-6731933,BLR-1000092,Bengaluru,Whitefield,CRF,Minor,pending,1036,PAY-SWG6731933-001,5,3.8,False,,0,True,clean,2025-12-29
RAI-046,ZMT-2456742,PUN-6000081,Pune,Hadapsar,RAI,Minor,paid,454,PAY-ZMT2456742-002,5,2.8,False,,0,True,clean,2026-03-02
RAI-047,SWG-5917143,BLR-1000086,Bengaluru,Koramangala,RAI,Moderate,pending,1405,PAY-SWG5917143-001,5,0.3,False,,0,True,clean,2026-02-05
AQI-019,SWG-6618685,MUM-1000075,Mumbai,Powai,AQI,Minor,pending,745,PAY-SWG6618685-001,5,12.0,False,,0,True,clean,2026-02-14
RAI-048,ZMT-5002629,PUN-6000030,Pune,Hinjewadi,RAI,Minor,pending,615,PAY-ZMT5002629-001,5,3.9,False,,0,True,clean,2026-02-14
WND-004,SWG-2619061,CHN-2000040,Chennai,Anna Nagar,WND,Minor,paid,738,PAY-SWG2619061-001,5,8.5,False,,0,True,clean,2025-12-20
RAI-049,SWG-2614070,KOL-3000052,Kolkata,Dunlop,RAI,Minor,paid,482,PAY-SWG2614070-001,5,4.2,False,,0,True,clean,2026-02-27
AQI-020,SWG-9219381,DEL-5000082,Delhi,Laxmi Nagar,AQI,Minor,paid,477,PAY-SWG9219381-001,5,2.0,False,,0,True,clean,2026-02-14
RAI-050,ZMT-3778181,CHN-2000073,Chennai,Anna Nagar,RAI,Minor,paid,653,PAY-ZMT3778181-001,5,2.4,False,,0,True,clean,2026-01-17
FLD-019,SWG-2476481,HYD-4000069,Hyderabad,Gachibowli,FLD,Severe,paid,2552,PAY-SWG2476481-001,5,8.6,False,,0,True,clean,2026-03-13
AQI-021,ZMT-8344375,PUN-6000004,Pune,Shivajinagar,AQI,Moderate,paid,996,PAY-ZMT8344375-001,5,2.9,False,,0,True,clean,2026-01-14
RAI-051,ZMT-7494523,PUN-6000077,Pune,Wagholi,RAI,Moderate,rejected,0,,5,2.0,False,,0,True,clean,2026-02-05
WND-005,ZMT-2096852,JAI-8000047,Jaipur,Malviya Nagar,WND,Moderate,paid,1488,PAY-ZMT2096852-001,5,7.2,False,,0,True,clean,2026-01-29
RAI-052,SWG-8541631,AMD-7000045,Ahmedabad,CG Road,RAI,Minor,paid,584,PAY-SWG8541631-002,5,2.1,False,,0,True,clean,2026-02-24
RAI-053,SWG-7224691,JAI-8000021,Jaipur,Mansarovar,RAI,Minor,paid,617,PAY-SWG7224691-001,5,4.6,False,,0,True,clean,2026-02-14
AQI-022,ZMT-5901261,CHN-2000107,Chennai,Velachery,AQI,Moderate,rejected,0,,5,12.4,False,,0,True,clean,2026-01-24
AQI-023,SWG-7135212,DEL-5000064,Delhi,Laxmi Nagar,AQI,Moderate,paid,974,PAY-SWG7135212-001,5,0.8,False,,0,True,clean,2026-03-01
AQI-024,ZMT-3177128,KOL-3000060,Kolkata,Dunlop,AQI,Minor,pending,536,PAY-ZMT3177128-001,5,5.0,False,,0,True,clean,2026-01-19
RAI-054,ZMT-8070014,BLR-1000072,Bengaluru,Koramangala,RAI,Moderate,paid,1453,PAY-ZMT8070014-001,5,4.7,False,,0,True,clean,2025-12-31
AQI-025,ZMT-4029979,PUN-6000036,Pune,Shivajinagar,AQI,Minor,paid,575,PAY-ZMT4029979-001,5,4.2,False,,0,True,clean,2026-02-23
RAI-055,SWG-6308033,SRT-9000014,Surat,Vesu,RAI,Moderate,paid,1476,PAY-SWG6308033-001,5,3.0,False,,0,True,clean,2026-03-12
FLD-020,SWG-3026500,AMD-7000065,Ahmedabad,Vatva,FLD,Moderate,pending,972,PAY-SWG3026500-002,5,2.1,False,,0,True,clean,2026-01-09
FOG-007,ZMT-8778317,AMD-7000075,Ahmedabad,Navrangpura,FOG,Severe,paid,1878,PAY-ZMT8778317-001,5,4.7,False,,0,True,clean,2026-03-02
WND-006,SWG-4091294,CHN-2000071,Chennai,Porur,WND,Moderate,paid,1497,PAY-SWG4091294-001,5,12.2,False,,0,True,clean,2026-03-14
STM-013,SWG-7283665,PUN-6000085,Pune,Hadapsar,STM,Minor,paid,393,PAY-SWG7283665-001,5,0.8,False,,0,True,clean,2026-01-12
STM-014,SWG-3911570,AMD-7000081,Ahmedabad,Satellite,STM,Minor,paid,650,PAY-SWG3911570-001,5,3.5,False,,0,True,clean,2026-02-04
RAI-056,ZMT-4831443,DEL-5000072,Delhi,Laxmi Nagar,RAI,Minor,paid,478,PAY-ZMT4831443-002,5,4.8,False,,0,True,clean,2026-02-20
STM-015,ZMT-7520284,JAI-8000017,Jaipur,Jagatpura,STM,Moderate,pending,946,PAY-ZMT7520284-001,5,8.0,False,,0,True,clean,2026-02-04
RAI-057,SWG-7797028,JAI-8000027,Jaipur,Jagatpura,RAI,Moderate,paid,1286,PAY-SWG7797028-001,5,6.1,False,,0,True,clean,2025-12-27
AQI-026,SWG-5738845,MUM-1000042,Mumbai,Bandra,AQI,Moderate,paid,1264,PAY-SWG5738845-001,5,2.9,False,,0,True,clean,2026-03-16
WND-007,SWG-3458755,DEL-5000045,Delhi,Karol Bagh,WND,Moderate,rejected,0,,5,8.1,False,,0,True,clean,2026-03-19
RAI-058,ZMT-2565985,MUM-1000017,Mumbai,Mulund,RAI,Moderate,paid,1589,PAY-ZMT2565985-001,5,12.0,False,,0,True,clean,2026-02-14
RAI-059,SWG-5826554,KOL-3000031,Kolkata,Behala,RAI,Moderate,paid,1280,PAY-SWG5826554-001,5,11.4,False,,0,True,clean,2026-01-10
RAI-060,ZMT-5257397,AMD-7000096,Ahmedabad,CG Road,RAI,Moderate,paid,1186,PAY-ZMT5257397-001,5,1.3,False,,0,True,clean,2026-02-03
RAI-061,ZMT-3097558,JAI-8000082,Jaipur,Sitapura,RAI,Moderate,paid,885,PAY-ZMT3097558-001,5,3.1,False,,0,True,clean,2026-01-08
RAI-062,SWG-6578724,KOL-3000083,Kolkata,Shyambazar,RAI,Moderate,paid,1149,PAY-SWG6578724-001,5,4.4,False,,0,True,clean,2026-02-07
RAI-063,ZMT-9610837,MUM-1000081,Mumbai,Mulund,RAI,Minor,pending,782,PAY-ZMT9610837-001,5,11.0,False,,0,True,clean,2026-01-04
STM-016,ZMT-5380995,HYD-4000018,Hyderabad,Uppal,STM,Severe,paid,1378,PAY-ZMT5380995-001,5,1.5,False,,0,True,clean,2026-02-02
AQI-027,ZMT-6284972,KOL-3000017,Kolkata,Park Street,AQI,Minor,paid,674,PAY-ZMT6284972-001,5,2.3,False,,0,True,clean,2026-02-07
FOG-008,ZMT-5187788,PUN-6000009,Pune,Shivajinagar,FOG,Minor,paid,419,PAY-ZMT5187788-002,5,5.2,False,,0,True,clean,2026-03-09
STM-017,SWG-3047685,CHN-2000057,Chennai,Adyar,STM,Minor,paid,573,PAY-SWG3047685-001,5,1.6,False,,0,True,clean,2026-01-29
RAI-064,ZMT-3300647,DEL-5000020,Delhi,Connaught Place,RAI,Severe,pending,2223,PAY-ZMT3300647-001,5,2.0,False,,0,True,clean,2026-01-24
STM-018,SWG-8138527,PUN-6000023,Pune,Shivajinagar,STM,Moderate,paid,1411,PAY-SWG8138527-001,5,1.2,False,,0,True,clean,2026-02-18
HTV-006,ZMT-8595349,DEL-5000046,Delhi,Janakpuri,HTV,Minor,paid,632,PAY-ZMT8595349-001,5,4.2,False,,0,True,clean,2026-01-19
STM-019,SWG-9735042,PUN-6000028,Pune,Hinjewadi,STM,Moderate,paid,1752,PAY-SWG9735042-001,5,1.7,False,,0,True,clean,2026-02-22
RAI-065,SWG-6192009,KOL-3000009,Kolkata,Behala,RAI,Severe,paid,1958,PAY-SWG6192009-001,5,0.2,False,,0,True,clean,2026-03-08
RAI-066,SWG-9219381,DEL-5000082,Delhi,Laxmi Nagar,RAI,Minor,paid,477,PAY-SWG9219381-002,5,1.3,False,,0,True,clean,2026-01-31
STM-020,SWG-9453969,KOL-3000014,Kolkata,Dunlop,STM,Minor,rejected,0,,3,17.1,True,Severity inflation: claimed Severe with no zone corroboration,2,False,flagged,2026-02-06
FOG-009,ZMT-8601004,JAI-8000091,Jaipur,Jagatpura,FOG,Minor,paid,540,PAY-ZMT8601004-001,5,2.9,False,,0,True,clean,2026-03-14
FLD-021,SWG-1819619,AMD-7000087,Ahmedabad,Vatva,FLD,Severe,paid,1088,PAY-SWG1819619-001,5,2.8,False,,0,True,clean,2026-02-17
FLD-022,SWG-6430006,JAI-8000018,Jaipur,Vaishali Nagar,FLD,Moderate,pending,976,PAY-SWG6430006-001,5,1.3,False,,0,True,clean,2026-03-15
RAI-067,ZMT-7798104,JAI-8000087,Jaipur,Mansarovar,RAI,Severe,pending,1323,PAY-ZMT7798104-001,5,0.8,False,,0,True,clean,2025-12-29
AQI-028,ZMT-3955091,MUM-1000093,Mumbai,Mulund,AQI,Minor,rejected,0,,5,1.0,False,,0,True,clean,2026-02-17
RAI-068,ZMT-2924056,BLR-1000053,Bengaluru,Koramangala,RAI,Moderate,rejected,0,,3,29.3,True,Claim filed on non-typical workday for this worker,5,False,flagged,2026-02-13
FLD-023,SWG-1174416,BLR-1000067,Bengaluru,Indiranagar,FLD,Severe,paid,2765,PAY-SWG1174416-001,5,6.7,False,,0,True,clean,2026-01-19
AQI-029,ZMT-7337047,CHN-2000054,Chennai,Anna Nagar,AQI,Severe,pending,2024,PAY-ZMT7337047-001,5,6.9,False,,0,True,clean,2026-01-01
CRF-008,SWG-6424709,MUM-1000059,Mumbai,Andheri,CRF,Severe,paid,2368,PAY-SWG6424709-001,5,0.6,False,,0,True,clean,2026-01-01
RAI-069,SWG-7055334,AMD-7000025,Ahmedabad,Prahlad Nagar,RAI,Severe,paid,1760,PAY-SWG7055334-001,5,7.2,False,,0,True,clean,2026-02-10
STM-021,ZMT-8331010,DEL-5000051,Delhi,Karol Bagh,STM,Moderate,paid,1374,PAY-ZMT8331010-002,5,7.9,False,,0,True,clean,2026-03-13
RAI-070,SWG-1437625,SRT-9000023,Surat,Katargam,RAI,Minor,paid,240,PAY-SWG1437625-002,5,0.5,False,,0,True,clean,2026-02-28
FLD-024,ZMT-3835729,CHN-2000097,Chennai,Saidapet,FLD,Severe,paid,1705,PAY-ZMT3835729-001,5,0.8,False,,0,True,clean,2026-01-31
FLD-025,ZMT-7841598,DEL-5000083,Delhi,Shahdara,FLD,Moderate,paid,1015,PAY-ZMT7841598-001,5,2.5,False,,0,True,clean,2026-03-06
FLD-026,SWG-2562657,DEL-5000018,Delhi,Dwarka,FLD,Severe,paid,2120,PAY-SWG2562657-001,5,8.1,False,,0,True,clean,2026-01-20
FOG-010,ZMT-4516248,KOL-3000041,Kolkata,Salt Lake,FOG,Moderate,paid,1693,PAY-ZMT4516248-001,5,6.6,False,,0,True,clean,2026-01-12
AQI-030,ZMT-4962709,DEL-5000036,Delhi,Laxmi Nagar,AQI,Minor,paid,396,PAY-ZMT4962709-001,5,1.9,False,,0,True,clean,2026-03-03
FLD-027,SWG-1494157,HYD-4000091,Hyderabad,Hitech City,FLD,Moderate,paid,1983,PAY-SWG1494157-001,5,6.4,False,,0,True,clean,2026-01-05
FLD-028,ZMT-6702160,CHN-2000006,Chennai,Anna Nagar,FLD,Severe,paid,2167,PAY-ZMT6702160-001,5,6.9,False,,0,True,clean,2026-03-06
AQI-031,ZMT-1166623,PUN-6000054,Pune,Shivajinagar,AQI,Moderate,paid,943,PAY-ZMT1166623-002,5,5.9,False,,0,True,clean,2026-01-27
STM-022,ZMT-8986040,PUN-6000016,Pune,Deccan,STM,Severe,pending,2054,PAY-ZMT8986040-001,5,3.8,False,,0,True,clean,2026-01-20
AQI-032,SWG-2124440,KOL-3000078,Kolkata,Shyambazar,AQI,Moderate,paid,1089,PAY-SWG2124440-001,5,0.5,False,,0,True,clean,2025-12-23
RAI-071,ZMT-9939366,MUM-1000068,Mumbai,Powai,RAI,Severe,pending,2164,PAY-ZMT9939366-001,5,8.8,False,,0,True,clean,2026-01-06
RAI-072,SWG-7654595,BLR-1000058,Bengaluru,Koramangala,RAI,Minor,rejected,0,,3,33.3,True,Weather not confirmed by OpenWeatherMap API for this zone,2,False,flagged,2026-03-12
RAI-073,SWG-4717279,CHN-2000087,Chennai,T Nagar,RAI,Moderate,paid,1625,PAY-SWG4717279-001,5,3.8,False,,0,True,clean,2025-12-30
RAI-074,ZMT-9706817,JAI-8000078,Jaipur,Malviya Nagar,RAI,Moderate,pending,1451,PAY-ZMT9706817-001,5,0.8,False,,0,True,clean,2026-03-11
STM-023,SWG-9265342,JAI-8000090,Jaipur,Vaishali Nagar,STM,Severe,paid,1717,PAY-SWG9265342-001,5,5.8,False,,0,True,clean,2026-03-11
RAI-075,ZMT-1102865,JAI-8000033,Jaipur,Malviya Nagar,RAI,Moderate,paid,1047,PAY-ZMT1102865-002,5,7.5,False,,0,True,clean,2026-02-05
AQI-033,ZMT-9273246,HYD-4000014,Hyderabad,Banjara Hills,AQI,Severe,paid,2805,PAY-ZMT9273246-001,5,3.9,False,,0,True,clean,2026-02-18
RAI-076,SWG-3808418,JAI-8000024,Jaipur,Sanganer,RAI,Moderate,paid,511,PAY-SWG3808418-001,5,1.4,False,,0,True,clean,2026-03-10
FLD-029,ZMT-4058159,MUM-1000036,Mumbai,Powai,FLD,Minor,paid,1045,PAY-ZMT4058159-001,5,0.3,False,,0,True,clean,2025-12-23
CRF-009,SWG-4530452,SRT-9000066,Surat,Udhna,CRF,Moderate,paid,860,PAY-SWG4530452-001,5,1.7,False,,0,True,clean,2025-12-29
AQI-034,ZMT-9748847,KOL-3000045,Kolkata,Behala,AQI,Minor,paid,652,PAY-ZMT9748847-001,5,8.1,False,,0,True,clean,2026-02-26
RAI-077,SWG-4038433,DEL-5000078,Delhi,Shahdara,RAI,Minor,paid,461,PAY-SWG4038433-002,5,3.7,False,,0,True,clean,2026-02-02
FLD-030,ZMT-7044627,MUM-1000032,Mumbai,Kurla,FLD,Severe,paid,1621,PAY-ZMT7044627-001,5,3.8,False,,0,True,clean,2026-01-26
AQI-035,SWG-8118298,KOL-3000063,Kolkata,Park Street,AQI,Severe,pending,2131,PAY-SWG8118298-001,5,7.8,False,,0,True,clean,2026-01-10
RAI-078,ZMT-5666692,JAI-8000005,Jaipur,Jagatpura,RAI,Minor,paid,654,PAY-ZMT5666692-001,5,4.4,False,,0,True,clean,2025-12-30
STM-024,SWG-6964017,DEL-5000052,Delhi,Shahdara,STM,Severe,paid,1407,PAY-SWG6964017-001,5,5.0,False,,0,True,clean,2026-03-10
STM-025,ZMT-4681019,AMD-7000047,Ahmedabad,Vatva,STM,Severe,paid,1457,PAY-ZMT4681019-001,5,3.4,False,,0,True,clean,2026-02-07
AQI-036,SWG-6013715,PUN-6000020,Pune,Hinjewadi,AQI,Minor,paid,641,PAY-SWG6013715-001,5,0.4,False,,0,True,clean,2026-02-24
RAI-079,SWG-7666403,KOL-3000058,Kolkata,Behala,RAI,Minor,paid,669,PAY-SWG7666403-001,5,2.4,False,,0,True,clean,2026-02-13
AQI-037,ZMT-2478755,MUM-1000026,Mumbai,Andheri,AQI,Moderate,paid,1065,PAY-ZMT2478755-001,5,1.8,False,,0,True,clean,2026-03-08
AQI-038,SWG-2602797,AMD-7000050,Ahmedabad,CG Road,AQI,Minor,paid,638,PAY-SWG2602797-001,5,2.1,False,,0,True,clean,2026-01-18
AQI-039,SWG-4474885,DEL-5000050,Delhi,Dwarka,AQI,Moderate,pending,1791,PAY-SWG4474885-002,5,12.5,False,,0,True,clean,2026-03-01
RAI-080,SWG-4240180,KOL-3000005,Kolkata,Shyambazar,RAI,Moderate,paid,818,PAY-SWG4240180-002,5,1.3,False,,0,True,clean,2026-03-02
FLD-031,ZMT-3359604,SRT-9000011,Surat,Udhna,FLD,Minor,paid,386,PAY-ZMT3359604-001,5,0.7,False,,0,True,clean,2026-01-22
AQI-040,ZMT-9002392,BLR-1000002,Bengaluru,Hebbal,AQI,Severe,paid,2074,PAY-ZMT9002392-001,5,3.2,False,,0,True,clean,2026-03-13
FLD-032,ZMT-9411547,DEL-5000007,Delhi,Dwarka,FLD,Moderate,pending,1424,PAY-ZMT9411547-001,5,0.0,False,,0,True,clean,2025-12-21
RAI-081,SWG-5673212,MUM-1000001,Mumbai,Andheri,RAI,Moderate,paid,1472,PAY-SWG5673212-001,5,7.4,False,,0,True,clean,2026-01-30
FLD-033,SWG-5174559,BLR-1000021,Bengaluru,Yelahanka,FLD,Severe,pending,2036,PAY-SWG5174559-001,5,0.6,False,,0,True,clean,2026-01-05
FLD-034,ZMT-7425329,BLR-1000015,Bengaluru,Electronic City,FLD,Severe,paid,2220,PAY-ZMT7425329-001,5,0.5,False,,0,True,clean,2026-02-02
AQI-041,SWG-7550726,CHN-2000013,Chennai,Velachery,AQI,Minor,rejected,0,,5,1.9,False,,0,True,clean,2026-03-10
RAI-082,ZMT-8681501,KOL-3000085,Kolkata,Tollygunge,RAI,Minor,paid,635,PAY-ZMT8681501-001,5,10.8,False,,0,True,clean,2026-01-12
RAI-083,SWG-4616926,MUM-1000086,Mumbai,Mulund,RAI,Moderate,rejected,0,,5,1.9,False,,0,True,clean,2026-03-02
STM-026,ZMT-7494523,PUN-6000077,Pune,Wagholi,STM,Moderate,paid,831,PAY-ZMT7494523-001,5,1.0,False,,0,True,clean,2026-01-23
RAI-084,SWG-7535837,DEL-5000035,Delhi,Karol Bagh,RAI,Severe,rejected,0,,5,6.1,False,,0,True,clean,2026-02-03
FLD-035,SWG-4623062,KOL-3000008,Kolkata,Dunlop,FLD,Severe,paid,1327,PAY-SWG4623062-001,5,2.4,False,,0,True,clean,2025-12-29
RAI-085,ZMT-2593059,AMD-7000077,Ahmedabad,Naroda,RAI,Minor,rejected,0,,2,12.5,True,Payout amount exceeds worker coverage amount,2,False,flagged,2026-02-20
HTV-007,ZMT-5427291,AMD-7000089,Ahmedabad,Prahlad Nagar,HTV,Moderate,pending,1325,PAY-ZMT5427291-001,5,1.7,False,,0,True,clean,2026-01-15
FLD-036,ZMT-7215633,BLR-1000048,Bengaluru,Koramangala,FLD,Moderate,pending,1258,PAY-ZMT7215633-002,5,0.0,False,,0,True,clean,2026-01-03
RAI-086,SWG-4442468,JAI-8000034,Jaipur,Jagatpura,RAI,Moderate,pending,934,PAY-SWG4442468-001,5,6.9,False,,0,True,clean,2026-03-03
AQI-042,SWG-4533501,BLR-1000056,Bengaluru,Whitefield,AQI,Minor,pending,646,PAY-SWG4533501-001,5,7.2,False,,0,True,clean,2026-02-23
RAI-087,ZMT-2924056,BLR-1000053,Bengaluru,Koramangala,RAI,Moderate,rejected,0,,5,5.1,False,,0,True,clean,2026-03-19
RAI-088,ZMT-2478755,MUM-1000026,Mumbai,Andheri,RAI,Severe,paid,1639,PAY-ZMT2478755-002,5,1.7,False,,0,True,clean,2026-02-19
STM-027,SWG-3777860,DEL-5000090,Delhi,Janakpuri,STM,Moderate,pending,1554,PAY-SWG3777860-001,5,8.3,False,,0,True,clean,2026-03-06
RAI-089,SWG-5421566,MUM-1000087,Mumbai,Bandra,RAI,Minor,pending,653,PAY-SWG5421566-001,5,5.9,False,,0,True,clean,2026-03-13
HTV-008,SWG-7133266,AMD-7000036,Ahmedabad,Satellite,HTV,Moderate,paid,1251,PAY-SWG7133266-001,5,9.2,False,,0,True,clean,2026-01-02
FLD-037,SWG-5244348,BLR-1000040,Bengaluru,Yelahanka,FLD,Moderate,paid,1133,PAY-SWG5244348-001,5,1.1,False,,0,True,clean,2026-01-27
RAI-090,ZMT-8595349,DEL-5000046,Delhi,Janakpuri,RAI,Moderate,paid,1369,PAY-ZMT8595349-002,5,4.4,False,,0,True,clean,2026-01-01
FLD-038,ZMT-6852648,JAI-8000064,Jaipur,Sitapura,FLD,Moderate,paid,833,PAY-ZMT6852648-001,5,0.5,False,,0,True,clean,2026-02-20
AQI-043,SWG-5435820,SRT-9000025,Surat,Adajan,AQI,Severe,paid,1876,PAY-SWG5435820-001,5,1.7,False,,0,True,clean,2026-01-12
RAI-091,ZMT-3801173,DEL-5000022,Delhi,Dwarka,RAI,Severe,paid,2155,PAY-ZMT3801173-001,5,3.6,False,,0,True,clean,2026-02-09
RAI-092,SWG-7869672,HYD-4000082,Hyderabad,LB Nagar,RAI,Severe,paid,1226,PAY-SWG7869672-001,5,2.2,False,,0,True,clean,2026-03-04
AQI-044,SWG-9115789,PUN-6000065,Pune,Baner,AQI,Minor,rejected,0,,5,2.2,False,,0,True,clean,2026-03-16
AQI-045,ZMT-2497018,SRT-9000044,Surat,Adajan,AQI,Moderate,paid,1114,PAY-ZMT2497018-001,5,0.2,False,,0,True,clean,2026-03-12
RAI-093,ZMT-9955185,PUN-6000050,Pune,Deccan,RAI,Moderate,paid,860,PAY-ZMT9955185-001,5,1.6,False,,0,True,clean,2026-02-05
AQI-046,SWG-9042900,CHN-2000017,Chennai,Saidapet,AQI,Minor,paid,478,PAY-SWG9042900-001,5,4.4,False,,0,True,clean,2026-02-21
AQI-047,SWG-8341730,CHN-2000075,Chennai,Saidapet,AQI,Moderate,paid,868,PAY-SWG8341730-001,5,4.3,False,,0,True,clean,2026-01-14
RAI-094,ZMT-7640565,DEL-5000054,Delhi,Karol Bagh,RAI,Severe,paid,2471,PAY-ZMT7640565-001,5,6.6,False,,0,True,clean,2026-03-16
RAI-095,SWG-3808418,JAI-8000024,Jaipur,Sanganer,RAI,Minor,paid,236,PAY-SWG3808418-002,5,2.4,False,,0,True,clean,2026-01-27
HTV-009,SWG-9060201,CHN-2000065,Chennai,Saidapet,HTV,Severe,paid,1193,PAY-SWG9060201-001,5,1.9,False,,0,True,clean,2026-01-10
RAI-096,ZMT-6768795,BLR-1000038,Bengaluru,Yelahanka,RAI,Moderate,paid,1402,PAY-ZMT6768795-001,5,4.4,False,,0,True,clean,2026-01-07
CRF-010,ZMT-6871611,SRT-9000090,Surat,Katargam,CRF,Severe,paid,1310,PAY-ZMT6871611-001,5,1.6,False,,0,True,clean,2026-02-03
RAI-097,ZMT-2788169,DEL-5000029,Delhi,Karol Bagh,RAI,Minor,paid,655,PAY-ZMT2788169-001,5,5.3,False,,0,True,clean,2026-01-23
RAI-098,SWG-4655356,DEL-5000041,Delhi,Laxmi Nagar,RAI,Moderate,paid,1091,PAY-SWG4655356-001,5,3.3,False,,0,True,clean,2026-02-28
AQI-048,SWG-6048133,KOL-3000051,Kolkata,Tollygunge,AQI,Severe,paid,1568,PAY-SWG6048133-001,5,6.7,False,,0,True,clean,2026-03-04
RAI-099,ZMT-1627384,MUM-1000031,Mumbai,Dharavi,RAI,Severe,paid,1276,PAY-ZMT1627384-001,5,2.9,False,,0,True,clean,2026-03-13
RAI-100,ZMT-1384511,DEL-5000085,Delhi,Laxmi Nagar,RAI,Severe,paid,1223,PAY-ZMT1384511-001,5,0.6,False,,0,True,clean,2025-12-29
RAI-101,ZMT-3901779,PUN-6000058,Pune,Wagholi,RAI,Severe,paid,1317,PAY-ZMT3901779-001,5,0.5,False,,0,True,clean,2026-03-12
STM-028,SWG-6394118,BLR-1000088,Bengaluru,Electronic City,STM,Minor,paid,976,PAY-SWG6394118-001,5,0.6,False,,0,True,clean,2026-02-25
RAI-102,ZMT-3813903,SRT-9000020,Surat,Katargam,RAI,Moderate,paid,584,PAY-ZMT3813903-001,5,0.8,False,,0,True,clean,2026-02-02
FLD-039,SWG-7537849,HYD-4000070,Hyderabad,LB Nagar,FLD,Severe,pending,1665,PAY-SWG7537849-001,5,1.3,False,,0,True,clean,2026-03-17
RAI-103,SWG-7865417,MUM-1000022,Mumbai,Andheri,RAI,Severe,paid,2529,PAY-SWG7865417-001,5,6.0,False,,0,True,clean,2026-03-19
AQI-049,ZMT-6225910,KOL-3000087,Kolkata,Dunlop,AQI,Moderate,paid,824,PAY-ZMT6225910-001,5,0.6,False,,0,True,clean,2026-01-28
RAI-104,ZMT-5645358,DEL-5000026,Delhi,Connaught Place,RAI,Minor,paid,871,PAY-ZMT5645358-002,5,6.8,False,,0,True,clean,2026-01-20
RAI-105,ZMT-3728882,HYD-4000002,Hyderabad,Jubilee Hills,RAI,Severe,paid,3169,PAY-ZMT3728882-001,5,1.5,False,,0,True,clean,2026-02-16
AQI-050,ZMT-5014011,JAI-8000038,Jaipur,Mansarovar,AQI,Minor,paid,449,PAY-ZMT5014011-001,5,3.8,False,,0,True,clean,2026-01-08
FLD-040,ZMT-9507953,DEL-5000076,Delhi,Karol Bagh,FLD,Severe,paid,1871,PAY-ZMT9507953-001,5,5.2,False,,0,True,clean,2026-03-14
RAI-106,SWG-3378560,AMD-7000090,Ahmedabad,Satellite,RAI,Moderate,paid,1145,PAY-SWG3378560-001,5,1.0,False,,0,True,clean,2025-12-21
FLD-041,SWG-1206987,KOL-3000047,Kolkata,Behala,FLD,Severe,rejected,0,,5,2.5,False,,0,True,clean,2026-02-12
AQI-051,ZMT-5923296,KOL-3000086,Kolkata,Park Street,AQI,Moderate,rejected,0,,5,1.4,False,,0,True,clean,2026-02-09
FLD-042,SWG-6728622,JAI-8000071,Jaipur,Vaishali Nagar,FLD,Minor,paid,418,PAY-SWG6728622-001,5,3.4,False,,0,True,clean,2026-01-28
RAI-107,SWG-2826831,DEL-5000034,Delhi,Shahdara,RAI,Minor,paid,368,PAY-SWG2826831-002,5,2.6,False,,0,True,clean,2025-12-22
RAI-108,ZMT-3536352,BLR-1000043,Bengaluru,Hebbal,RAI,Moderate,pending,1199,PAY-ZMT3536352-001,1,16.4,True,Claim filed on non-typical workday for this worker,2,False,flagged,2025-12-31
AQI-052,ZMT-5923296,KOL-3000086,Kolkata,Park Street,AQI,Moderate,rejected,0,,2,31.9,True,Severity inflation: claimed Severe with no zone corroboration,5,False,flagged,2026-03-14
RAI-109,SWG-6843985,CHN-2000019,Chennai,Porur,RAI,Minor,rejected,0,,2,37.8,True,High claim frequency: more than 0.5 claims per month,2,False,flagged,2026-02-20
RAI-110,ZMT-5454861,BLR-1000008,Bengaluru,Hebbal,RAI,Moderate,rejected,0,,3,15.5,True,Poor honesty ratio: majority of past claims were rejected,2,False,flagged,2026-01-23
RAI-111,ZMT-1192619,AMD-7000001,Ahmedabad,Satellite,RAI,Moderate,pending,1210,PAY-ZMT1192619-001,5,8.6,False,,0,True,clean,2026-03-02
STM-029,ZMT-7833312,CHN-2000063,Chennai,Adyar,STM,Severe,paid,1442,PAY-ZMT7833312-002,5,4.4,False,,0,True,clean,2026-02-15
RAI-112,SWG-4810540,KOL-3000053,Kolkata,Dunlop,RAI,Minor,paid,533,PAY-SWG4810540-001,5,0.1,False,,0,True,clean,2026-02-17
RAI-113,ZMT-5153279,MUM-1000016,Mumbai,Powai,RAI,Moderate,paid,2091,PAY-ZMT5153279-001,5,6.6,False,,0,True,clean,2026-03-01
RAI-114,ZMT-4519240,PUN-6000055,Pune,Wagholi,RAI,Moderate,paid,937,PAY-ZMT4519240-001,5,3.5,False,,0,True,clean,2026-01-30
RAI-115,ZMT-5452101,SRT-9000076,Surat,Adajan,RAI,Moderate,paid,1448,PAY-ZMT5452101-001,5,1.1,False,,0,True,clean,2026-02-06
RAI-116,SWG-5339457,CHN-2000025,Chennai,T Nagar,RAI,Moderate,paid,1378,PAY-SWG5339457-001,5,3.6,False,,0,True,clean,2026-02-16
RAI-117,ZMT-9002392,BLR-1000002,Bengaluru,Hebbal,RAI,Moderate,paid,1348,PAY-ZMT9002392-002,5,0.7,False,,0,True,clean,2026-03-11
FLD-043,SWG-5875071,DEL-5000058,Delhi,Dwarka,FLD,Severe,paid,2135,PAY-SWG5875071-002,5,12.1,False,,0,True,clean,2025-12-27
RAI-118,ZMT-1257489,AMD-7000006,Ahmedabad,Vatva,RAI,Severe,rejected,0,,1,10.6,True,Severity inflation: claimed Severe with no zone corroboration,5,False,flagged,2026-02-13
AQI-053,SWG-2630140,HYD-4000007,Hyderabad,Hitech City,AQI,Severe,paid,3425,PAY-SWG2630140-002,5,10.1,False,,0,True,clean,2026-01-05
RAI-119,SWG-6431983,BLR-1000007,Bengaluru,Whitefield,RAI,Moderate,paid,1434,PAY-SWG6431983-001,5,0.9,False,,0,True,clean,2026-03-07
RAI-120,ZMT-9559875,AMD-7000092,Ahmedabad,Prahlad Nagar,RAI,Moderate,paid,1128,PAY-ZMT9559875-001,5,5.5,False,,0,True,clean,2026-01-03
FOG-011,SWG-4401858,HYD-4000026,Hyderabad,LB Nagar,FOG,Moderate,paid,997,PAY-SWG4401858-001,5,1.9,False,,0,True,clean,2026-01-29
RAI-121,ZMT-4519240,PUN-6000055,Pune,Wagholi,RAI,Severe,rejected,0,,5,2.9,False,,0,True,clean,2026-01-20
RAI-122,SWG-7535837,DEL-5000035,Delhi,Karol Bagh,RAI,Moderate,paid,1243,PAY-SWG7535837-001,5,7.9,False,,0,True,clean,2025-12-30
HTV-010,ZMT-5609255,SRT-9000022,Surat,Adajan,HTV,Minor,pending,661,PAY-ZMT5609255-001,5,3.0,False,,0,True,clean,2026-02-07
AQI-054,SWG-9911492,PUN-6000005,Pune,Wagholi,AQI,Severe,rejected,0,,5,2.0,False,,0,True,clean,2026-02-03
RAI-123,SWG-6869018,CHN-2000011,Chennai,Velachery,RAI,Minor,rejected,0,,2,41.1,True,Severity inflation: claimed Severe with no zone corroboration,5,False,flagged,2026-02-08
RAI-124,ZMT-4214793,KOL-3000028,Kolkata,Dunlop,RAI,Minor,paid,489,PAY-ZMT4214793-001,5,0.7,False,,0,True,clean,2026-02-13
WND-008,ZMT-6990202,BLR-1000042,Bengaluru,Whitefield,WND,Minor,paid,892,PAY-ZMT6990202-001,5,10.5,False,,0,True,clean,2026-02-09
RAI-125,SWG-3372568,CHN-2000108,Chennai,T Nagar,RAI,Moderate,pending,1517,PAY-SWG3372568-001,5,8.3,False,,0,True,clean,2026-03-13
CRF-011,ZMT-9659648,PUN-6000039,Pune,Deccan,CRF,Moderate,rejected,0,,4,21.9,True,Isolated claim: no other workers in zone claimed same date,1,False,flagged,2026-02-12
FLD-044,SWG-7638609,MUM-1000015,Mumbai,Wadala,FLD,Severe,paid,1529,PAY-SWG7638609-001,5,1.6,False,,0,True,clean,2026-01-07
EQK-002,SWG-5784110,PUN-6000084,Pune,Hadapsar,EQK,Severe,pending,1555,PAY-SWG5784110-001,5,0.6,False,,0,True,clean,2026-01-03
RAI-126,SWG-3126997,CHN-2000106,Chennai,Velachery,RAI,Moderate,paid,1895,PAY-SWG3126997-001,5,2.4,False,,0,True,clean,2026-01-14
STM-030,SWG-6749416,BLR-1000083,Bengaluru,Koramangala,STM,Severe,paid,2224,PAY-SWG6749416-001,5,3.2,False,,0,True,clean,2025-12-21
RAI-127,ZMT-3778181,CHN-2000073,Chennai,Anna Nagar,RAI,Minor,paid,653,PAY-ZMT3778181-002,5,3.0,False,,0,True,clean,2026-01-29
RAI-128,SWG-1077963,BLR-1000066,Bengaluru,Whitefield,RAI,Minor,paid,852,PAY-SWG1077963-001,5,1.3,False,,0,True,clean,2026-01-16
LDS-001,SWG-6424709,MUM-1000059,Mumbai,Andheri,LDS,Severe,paid,2368,PAY-SWG6424709-002,5,1.3,False,,0,True,clean,2026-03-18
RAI-129,SWG-8699307,CHN-2000015,Chennai,Anna Nagar,RAI,Minor,paid,618,PAY-SWG8699307-001,5,5.6,False,,0,True,clean,2025-12-30
AQI-055,ZMT-9996414,HYD-4000001,Hyderabad,Uppal,AQI,Moderate,paid,832,PAY-ZMT9996414-001,5,0.6,False,,0,True,clean,2026-02-03
AQI-056,ZMT-3177128,KOL-3000060,Kolkata,Dunlop,AQI,Severe,pending,1786,PAY-ZMT3177128-002,5,2.2,False,,0,True,clean,2026-02-23
RAI-130,SWG-6731933,BLR-1000092,Bengaluru,Whitefield,RAI,Moderate,paid,2244,PAY-SWG6731933-002,5,10.8,False,,0,True,clean,2026-01-12
RAI-131,ZMT-3050700,JAI-8000010,Jaipur,Sanganer,RAI,Moderate,pending,711,PAY-ZMT3050700-002,5,2.2,False,,0,True,clean,2026-03-19
RAI-132,ZMT-8596173,CHN-2000030,Chennai,Porur,RAI,Minor,paid,767,PAY-ZMT8596173-001,5,4.3,False,,0,True,clean,2026-01-07
FOG-012,ZMT-7589940,JAI-8000046,Jaipur,Jagatpura,FOG,Moderate,paid,1448,PAY-ZMT7589940-001,5,8.2,False,,0,True,clean,2026-01-18
RAI-133,SWG-9115789,PUN-6000065,Pune,Baner,RAI,Severe,paid,2172,PAY-SWG9115789-002,5,4.0,False,,0,True,clean,2026-01-22
AQI-057,ZMT-4955699,PUN-6000008,Pune,Hinjewadi,AQI,Moderate,paid,1698,PAY-ZMT4955699-001,5,8.3,False,,0,True,clean,2026-02-15
STM-031,ZMT-5923296,KOL-3000086,Kolkata,Park Street,STM,Severe,paid,2407,PAY-ZMT5923296-001,5,7.4,False,,0,True,clean,2026-01-22
RAI-134,SWG-9902483,BLR-1000055,Bengaluru,Hebbal,RAI,Minor,paid,481,PAY-SWG9902483-001,5,3.4,False,,0,True,clean,2026-01-13
CRF-012,ZMT-9036641,AMD-7000022,Ahmedabad,Prahlad Nagar,CRF,Moderate,paid,1183,PAY-ZMT9036641-001,5,9.3,False,,0,True,clean,2026-02-15
CRF-013,SWG-7415688,BLR-1000064,Bengaluru,Hebbal,CRF,Moderate,rejected,0,,5,0.7,False,,0,True,clean,2026-01-10
RAI-135,ZMT-3827503,SRT-9000040,Surat,Udhna,RAI,Moderate,rejected,0,,1,12.5,True,Payout amount exceeds worker coverage amount,1,False,flagged,2026-03-06
FLD-045,ZMT-7350486,SRT-9000019,Surat,Katargam,FLD,Moderate,rejected,0,,5,2.4,False,,0,True,clean,2026-01-08
FLD-046,ZMT-5508832,SRT-9000051,Surat,Adajan,FLD,Severe,paid,1647,PAY-ZMT5508832-001,5,5.9,False,,0,True,clean,2026-02-25
RAI-136,SWG-3047685,CHN-2000057,Chennai,Adyar,RAI,Moderate,pending,1242,PAY-SWG3047685-002,5,1.3,False,,0,True,clean,2026-02-03
RAI-137,ZMT-3854188,MUM-1000039,Mumbai,Dharavi,RAI,Severe,rejected,0,,5,2.1,False,,0,True,clean,2026-01-05
CRF-014,ZMT-8304611,KOL-3000035,Kolkata,Shyambazar,CRF,Severe,pending,1430,PAY-ZMT8304611-001,5,2.2,False,,0,True,clean,2026-01-05
HTV-011,ZMT-9957402,SRT-9000018,Surat,Pal,HTV,Minor,paid,454,PAY-ZMT9957402-001,5,7.5,False,,0,True,clean,2026-01-27
RAI-138,ZMT-2332193,AMD-7000027,Ahmedabad,CG Road,RAI,Minor,paid,656,PAY-ZMT2332193-001,5,1.7,False,,0,True,clean,2026-02-22
RAI-139,ZMT-8959238,PUN-6000079,Pune,Deccan,RAI,Minor,paid,648,PAY-ZMT8959238-001,5,5.6,False,,0,True,clean,2026-01-15
STM-032,ZMT-7408965,BLR-1000034,Bengaluru,Whitefield,STM,Moderate,paid,2101,PAY-ZMT7408965-001,5,1.1,False,,0,True,clean,2025-12-22
FOG-013,ZMT-8681501,KOL-3000085,Kolkata,Tollygunge,FOG,Minor,paid,635,PAY-ZMT8681501-002,5,3.3,False,,0,True,clean,2026-02-11
FLD-047,SWG-9115789,PUN-6000065,Pune,Baner,FLD,Severe,pending,2172,PAY-SWG9115789-003,5,4.0,False,,0,True,clean,2026-02-01
FOG-014,ZMT-9605960,CHN-2000111,Chennai,Saidapet,FOG,Minor,paid,511,PAY-ZMT9605960-001,5,2.8,False,,0,True,clean,2026-03-05
RAI-140,ZMT-7198093,KOL-3000020,Kolkata,Dunlop,RAI,Moderate,paid,1134,PAY-ZMT7198093-001,5,2.4,False,,0,True,clean,2025-12-26
FLD-048,ZMT-9584609,PUN-6000086,Pune,Wagholi,FLD,Moderate,paid,862,PAY-ZMT9584609-001,5,2.0,False,,0,True,clean,2026-01-19
HTV-012,SWG-3047685,CHN-2000057,Chennai,Adyar,HTV,Minor,rejected,0,,1,18.7,True,High claim frequency: more than 0.5 claims per month,1,False,flagged,2026-02-21
AQI-058,SWG-9832465,MUM-1000014,Mumbai,Kurla,AQI,Moderate,paid,811,PAY-SWG9832465-001,5,4.6,False,,0,True,clean,2026-03-15
AQI-059,SWG-9214276,HYD-4000074,Hyderabad,Gachibowli,AQI,Moderate,pending,2246,PAY-SWG9214276-001,5,6.5,False,,0,True,clean,2026-02-20
RAI-141,ZMT-3028864,JAI-8000102,Jaipur,Sitapura,RAI,Severe,paid,1417,PAY-ZMT3028864-001,5,0.2,False,,0,True,clean,2026-01-07
RAI-142,SWG-2460078,DEL-5000025,Delhi,Janakpuri,RAI,Moderate,paid,1356,PAY-SWG2460078-001,5,11.1,False,,0,True,clean,2026-01-05
RAI-143,SWG-6903169,HYD-4000042,Hyderabad,Gachibowli,RAI,Severe,paid,2591,PAY-SWG6903169-001,5,1.1,False,,0,True,clean,2025-12-24
AQI-060,ZMT-9329067,CHN-2000044,Chennai,Velachery,AQI,Moderate,paid,1521,PAY-ZMT9329067-001,5,6.1,False,,0,True,clean,2026-01-11
AQI-061,SWG-9115789,PUN-6000065,Pune,Baner,AQI,Minor,rejected,0,,5,3.9,False,,0,True,clean,2026-01-15
FLD-049,SWG-3000143,PUN-6000034,Pune,Deccan,FLD,Severe,paid,1964,PAY-SWG3000143-001,5,5.2,False,,0,True,clean,2026-03-17
STM-033,SWG-2809265,DEL-5000047,Delhi,Connaught Place,STM,Moderate,paid,1399,PAY-SWG2809265-001,5,3.9,False,,0,True,clean,2026-03-11
RAI-144,ZMT-6383277,HYD-4000020,Hyderabad,Hitech City,RAI,Minor,paid,1004,PAY-ZMT6383277-001,5,6.7,False,,0,True,clean,2026-02-13
HTV-013,ZMT-8206700,SRT-9000009,Surat,Katargam,HTV,Moderate,pending,846,PAY-ZMT8206700-001,5,2.1,False,,0,True,clean,2025-12-23
FLD-050,SWG-7061978,BLR-1000098,Bengaluru,Hebbal,FLD,Moderate,pending,950,PAY-SWG7061978-001,2,17.4,True,High claim frequency: more than 0.5 claims per month,5,False,flagged,2026-03-08
FLD-051,ZMT-7526999,SRT-9000058,Surat,Vesu,FLD,Severe,pending,1966,PAY-ZMT7526999-001,5,1.9,False,,0,True,clean,2026-03-18
AQI-062,ZMT-7415119,AMD-7000048,Ahmedabad,Navrangpura,AQI,Moderate,paid,1156,PAY-ZMT7415119-001,5,4.4,False,,0,True,clean,2026-01-10
RAI-145,SWG-8867792,KOL-3000068,Kolkata,Shyambazar,RAI,Moderate,rejected,0,,5,0.6,False,,0,True,clean,2025-12-25
RAI-146,SWG-3026500,AMD-7000065,Ahmedabad,Vatva,RAI,Minor,pending,449,PAY-SWG3026500-003,5,0.3,False,,0,True,clean,2026-01-01
AQI-063,ZMT-9605960,CHN-2000111,Chennai,Saidapet,AQI,Moderate,pending,1106,PAY-ZMT9605960-002,5,4.3,False,,0,True,clean,2026-02-02
EQK-003,SWG-4478434,AMD-7000028,Ahmedabad,Prahlad Nagar,EQK,Severe,paid,2034,PAY-SWG4478434-001,5,0.4,False,,0,True,clean,2026-01-27
RAI-147,SWG-2124440,KOL-3000078,Kolkata,Shyambazar,RAI,Severe,paid,1676,PAY-SWG2124440-002,5,3.4,False,,0,True,clean,2026-03-17
AQI-064,ZMT-7788043,HYD-4000022,Hyderabad,Banjara Hills,AQI,Moderate,paid,1381,PAY-ZMT7788043-002,5,6.1,False,,0,True,clean,2026-03-06
FLD-052,ZMT-5454861,BLR-1000008,Bengaluru,Hebbal,FLD,Severe,pending,1316,PAY-ZMT5454861-001,4,17.6,True,High claim frequency: more than 0.5 claims per month,1,False,flagged,2026-02-02
RAI-148,SWG-3324928,JAI-8000031,Jaipur,Sitapura,RAI,Severe,paid,932,PAY-SWG3324928-001,5,2.5,False,,0,True,clean,2026-02-09
FLD-053,SWG-3552751,MUM-1000098,Mumbai,Dharavi,FLD,Severe,paid,1349,PAY-SWG3552751-001,5,3.8,False,,0,True,clean,2026-01-23
AQI-065,SWG-8524049,CHN-2000084,Chennai,Saidapet,AQI,Moderate,rejected,0,,3,14.2,True,Distance anomaly: worker travelled normal distance on claim day,2,False,flagged,2026-02-05
RAI-149,SWG-8988612,MUM-1000054,Mumbai,Bandra,RAI,Severe,pending,2803,PAY-SWG8988612-002,5,5.7,False,,0,True,clean,2026-02-12
LDS-002,SWG-9214276,HYD-4000074,Hyderabad,Gachibowli,LDS,Moderate,paid,2246,PAY-SWG9214276-002,5,7.1,False,,0,True,clean,2026-01-07
RAI-150,SWG-7772146,PUN-6000087,Pune,Wagholi,RAI,Severe,paid,1431,PAY-SWG7772146-001,5,3.0,False,,0,True,clean,2026-01-05
RAI-151,ZMT-3556763,AMD-7000020,Ahmedabad,Navrangpura,RAI,Moderate,paid,1260,PAY-ZMT3556763-001,5,1.1,False,,0,True,clean,2026-02-18
RAI-152,ZMT-5645358,DEL-5000026,Delhi,Connaught Place,RAI,Severe,rejected,0,,5,5.3,False,,0,True,clean,2026-03-11
WND-009,SWG-9296512,DEL-5000075,Delhi,Connaught Place,WND,Severe,rejected,0,,5,2.8,False,,0,True,clean,2025-12-24
STM-034,ZMT-1440972,MUM-1000011,Mumbai,Kurla,STM,Severe,paid,1313,PAY-ZMT1440972-001,5,0.3,False,,0,True,clean,2025-12-20
STM-035,ZMT-3879299,KOL-3000092,Kolkata,Park Street,STM,Severe,paid,2168,PAY-ZMT3879299-001,5,7.2,False,,0,True,clean,2025-12-30
WND-010,ZMT-3611230,HYD-4000056,Hyderabad,LB Nagar,WND,Moderate,rejected,0,,5,2.0,False,,0,True,clean,2026-02-25
FLD-054,ZMT-2739382,BLR-1000063,Bengaluru,Hebbal,FLD,Severe,paid,1335,PAY-ZMT2739382-001,5,5.0,False,,0,True,clean,2026-02-17
AQI-066,ZMT-8565450,JAI-8000049,Jaipur,Vaishali Nagar,AQI,Moderate,pending,1104,PAY-ZMT8565450-001,5,0.0,False,,0,True,clean,2026-03-16
RAI-153,SWG-6675742,DEL-5000027,Delhi,Shahdara,RAI,Moderate,paid,1071,PAY-SWG6675742-001,5,2.3,False,,0,True,clean,2026-01-05
WND-011,ZMT-6852648,JAI-8000064,Jaipur,Sitapura,WND,Severe,paid,1282,PAY-ZMT6852648-002,5,0.1,False,,0,True,clean,2025-12-28
FLD-055,SWG-8284023,KOL-3000026,Kolkata,Dunlop,FLD,Severe,paid,1262,PAY-SWG8284023-002,5,3.8,False,,0,True,clean,2026-02-22
AQI-067,SWG-6731933,BLR-1000092,Bengaluru,Whitefield,AQI,Minor,paid,1036,PAY-SWG6731933-003,5,9.4,False,,0,True,clean,2026-03-13
CRF-015,SWG-6114011,DEL-5000032,Delhi,Connaught Place,CRF,Minor,paid,636,PAY-SWG6114011-001,5,6.9,False,,0,True,clean,2026-01-14
RAI-154,SWG-9201172,CHN-2000016,Chennai,Porur,RAI,Minor,paid,648,PAY-SWG9201172-002,5,1.7,False,,0,True,clean,2026-01-05
RAI-155,SWG-6312772,DEL-5000089,Delhi,Laxmi Nagar,RAI,Severe,paid,1656,PAY-SWG6312772-001,5,1.1,False,,0,True,clean,2025-12-25
STM-036,ZMT-3394334,CHN-2000055,Chennai,Adyar,STM,Severe,paid,1674,PAY-ZMT3394334-001,5,2.7,False,,0,True,clean,2026-02-25
EQK-004,ZMT-5963914,PUN-6000006,Pune,Hinjewadi,EQK,Moderate,rejected,0,,4,29.7,True,Severity inflation: claimed Severe with no zone corroboration,1,False,flagged,2026-01-08
RAI-156,SWG-4432133,KOL-3000095,Kolkata,Park Street,RAI,Severe,paid,1750,PAY-SWG4432133-001,5,3.3,False,,0,True,clean,2026-01-26
HTV-014,SWG-8972697,CHN-2000077,Chennai,Velachery,HTV,Severe,paid,2596,PAY-SWG8972697-001,5,8.9,False,,0,True,clean,2026-03-07
AQI-068,ZMT-3507958,HYD-4000073,Hyderabad,Hitech City,AQI,Moderate,rejected,0,,5,7.4,False,,0,True,clean,2025-12-23
RAI-157,SWG-6843985,CHN-2000019,Chennai,Porur,RAI,Moderate,pending,1282,PAY-SWG6843985-001,5,9.7,False,,0,True,clean,2026-01-12
FLD-056,SWG-9763038,SRT-9000054,Surat,Udhna,FLD,Moderate,pending,634,PAY-SWG9763038-001,5,2.9,False,,0,True,clean,2026-02-11
RAI-158,SWG-3850704,JAI-8000081,Jaipur,Malviya Nagar,RAI,Moderate,paid,1542,PAY-SWG3850704-001,5,1.2,False,,0,True,clean,2025-12-31
FOG-015,SWG-8659527,MUM-1000028,Mumbai,Powai,FOG,Minor,rejected,0,,3,48.5,True,Active deliveries detected during disruption window,5,False,flagged,2026-03-12
AQI-069,SWG-3378560,AMD-7000090,Ahmedabad,Satellite,AQI,Severe,rejected,0,,2,37.3,True,Weather not confirmed by OpenWeatherMap API for this zone,3,False,flagged,2026-01-25
CRF-016,SWG-9582257,JAI-8000058,Jaipur,Vaishali Nagar,CRF,Minor,paid,505,PAY-SWG9582257-001,5,1.5,False,,0,True,clean,2026-03-09
STM-037,SWG-9735042,PUN-6000028,Pune,Hinjewadi,STM,Moderate,paid,1752,PAY-SWG9735042-002,5,7.6,False,,0,True,clean,2026-01-14
FLD-057,ZMT-4020528,BLR-1000026,Bengaluru,Indiranagar,FLD,Severe,paid,2418,PAY-ZMT4020528-001,5,1.8,False,,0,True,clean,2026-02-23
STM-038,ZMT-9444987,CHN-2000113,Chennai,Adyar,STM,Moderate,paid,904,PAY-ZMT9444987-001,5,4.0,False,,0,True,clean,2026-02-22
FLD-058,SWG-3341247,SRT-9000056,Surat,Pal,FLD,Severe,paid,1701,PAY-SWG3341247-001,5,4.2,False,,0,True,clean,2026-02-05
CRF-017,ZMT-6726001,BLR-1000096,Bengaluru,Whitefield,CRF,Minor,paid,1047,PAY-ZMT6726001-001,5,5.0,False,,0,True,clean,2026-03-14
LDS-003,ZMT-2323049,DEL-5000011,Delhi,Dwarka,LDS,Severe,paid,2166,PAY-ZMT2323049-001,5,8.9,False,,0,True,clean,2025-12-22
FLD-059,SWG-3324928,JAI-8000031,Jaipur,Sitapura,FLD,Moderate,paid,606,PAY-SWG3324928-002,5,3.3,False,,0,True,clean,2026-02-18
CRF-018,ZMT-1499778,KOL-3000084,Kolkata,Salt Lake,CRF,Severe,pending,2879,PAY-ZMT1499778-002,5,7.4,False,,0,True,clean,2026-01-29
RAI-159,SWG-4905912,AMD-7000024,Ahmedabad,Prahlad Nagar,RAI,Minor,pending,546,PAY-SWG4905912-001,5,4.6,False,,0,True,clean,2026-01-12
RAI-160,SWG-1666811,JAI-8000067,Jaipur,Sitapura,RAI,Minor,rejected,0,,5,3.1,False,,0,True,clean,2026-01-30
FLD-060,SWG-6926278,PUN-6000090,Pune,Wagholi,FLD,Severe,pending,1614,PAY-SWG6926278-001,2,12.1,True,Claim filed on non-typical workday for this worker,4,False,flagged,2026-01-29
AQI-070,ZMT-3767969,JAI-8000044,Jaipur,Vaishali Nagar,AQI,Minor,paid,416,PAY-ZMT3767969-001,5,1.9,False,,0,True,clean,2026-01-21
RAI-161,SWG-8236157,AMD-7000041,Ahmedabad,CG Road,RAI,Moderate,paid,1048,PAY-SWG8236157-001,5,1.6,False,,0,True,clean,2026-03-12
AQI-071,SWG-6651204,SRT-9000031,Surat,Udhna,AQI,Moderate,pending,687,PAY-SWG6651204-002,5,1.7,False,,0,True,clean,2026-01-31
RAI-162,ZMT-3795835,HYD-4000012,Hyderabad,Jubilee Hills,RAI,Severe,paid,2193,PAY-ZMT3795835-001,5,8.5,False,,0,True,clean,2026-03-19
FLD-061,ZMT-7566356,JAI-8000100,Jaipur,Jagatpura,FLD,Severe,pending,1537,PAY-ZMT7566356-001,5,1.2,False,,0,True,clean,2026-01-02
AQI-072,SWG-9763038,SRT-9000054,Surat,Udhna,AQI,Severe,paid,975,PAY-SWG9763038-002,5,2.9,False,,0,True,clean,2026-01-05
RAI-163,SWG-8775490,DEL-5000088,Delhi,Janakpuri,RAI,Moderate,rejected,0,,0,43.5,True,Poor honesty ratio: majority of past claims were rejected,1,False,flagged,2026-01-02
RAI-164,ZMT-3801173,DEL-5000022,Delhi,Dwarka,RAI,Moderate,paid,1401,PAY-ZMT3801173-002,5,2.6,False,,0,True,clean,2026-02-17
RAI-165,ZMT-8558977,DEL-5000014,Delhi,Shahdara,RAI,Moderate,pending,1249,PAY-ZMT8558977-001,5,4.1,False,,0,True,clean,2026-03-05
FLD-062,SWG-9015427,SRT-9000094,Surat,Katargam,FLD,Moderate,rejected,0,,5,2.2,False,,0,True,clean,2026-01-30
FLD-063,ZMT-2902200,JAI-8000059,Jaipur,Mansarovar,FLD,Severe,rejected,0,,5,0.7,False,,0,True,clean,2026-03-06
RAI-166,ZMT-6911929,HYD-4000072,Hyderabad,Banjara Hills,RAI,Moderate,paid,1366,PAY-ZMT6911929-001,5,2.5,False,,0,True,clean,2026-01-26
FLD-064,ZMT-6124966,AMD-7000021,Ahmedabad,CG Road,FLD,Moderate,pending,1458,PAY-ZMT6124966-001,5,1.0,False,,0,True,clean,2026-01-26
FLD-065,ZMT-6433875,JAI-8000084,Jaipur,Sanganer,FLD,Severe,paid,964,PAY-ZMT6433875-001,5,2.2,False,,0,True,clean,2026-01-12
AQI-073,ZMT-4580502,SRT-9000077,Surat,Udhna,AQI,Severe,paid,1486,PAY-ZMT4580502-001,5,1.7,False,,0,True,clean,2026-01-22
RAI-167,ZMT-5270292,SRT-9000035,Surat,Katargam,RAI,Minor,pending,413,PAY-ZMT5270292-001,1,13.1,True,Weather not confirmed by OpenWeatherMap API for this zone,5,False,flagged,2026-02-17
AQI-074,ZMT-5014011,JAI-8000038,Jaipur,Mansarovar,AQI,Moderate,paid,972,PAY-ZMT5014011-002,5,3.2,False,,0,True,clean,2026-02-21
RAI-168,SWG-1308508,AMD-7000026,Ahmedabad,Satellite,RAI,Minor,paid,514,PAY-SWG1308508-001,5,3.2,False,,0,True,clean,2026-01-28
AQI-075,ZMT-3765135,AMD-7000091,Ahmedabad,Satellite,AQI,Minor,pending,669,PAY-ZMT3765135-001,5,4.9,False,,0,True,clean,2026-01-09
STM-039,SWG-8429806,CHN-2000112,Chennai,Anna Nagar,STM,Severe,paid,2161,PAY-SWG8429806-001,5,2.5,False,,0,True,clean,2026-01-05
RAI-169,ZMT-5270292,SRT-9000035,Surat,Katargam,RAI,Minor,paid,413,PAY-ZMT5270292-002,5,3.5,False,,0,True,clean,2025-12-24
STM-040,SWG-3556871,KOL-3000050,Kolkata,Shyambazar,STM,Minor,paid,391,PAY-SWG3556871-001,5,0.1,False,,0,True,clean,2026-03-18
AQI-076,SWG-2133208,CHN-2000050,Chennai,Adyar,AQI,Severe,rejected,0,,5,4.5,False,,0,True,clean,2026-03-01
AQI-077,ZMT-6470706,PUN-6000044,Pune,Baner,AQI,Minor,pending,562,PAY-ZMT6470706-002,5,1.6,False,,0,True,clean,2026-03-15
STM-041,SWG-7654595,BLR-1000058,Bengaluru,Koramangala,STM,Severe,pending,2114,PAY-SWG7654595-001,5,8.4,False,,0,True,clean,2026-02-10
FLD-066,ZMT-9235014,MUM-1000041,Mumbai,Dharavi,FLD,Moderate,paid,1153,PAY-ZMT9235014-001,5,1.4,False,,0,True,clean,2026-03-10
FLD-067,SWG-6435425,CHN-2000109,Chennai,Saidapet,FLD,Severe,paid,1628,PAY-SWG6435425-001,5,0.9,False,,0,True,clean,2026-02-26
FLD-068,SWG-6312772,DEL-5000089,Delhi,Laxmi Nagar,FLD,Severe,paid,1656,PAY-SWG6312772-002,5,2.8,False,,0,True,clean,2026-02-21
AQI-078,ZMT-4768844,KOL-3000006,Kolkata,Tollygunge,AQI,Moderate,pending,1057,PAY-ZMT4768844-002,5,4.7,False,,0,True,clean,2026-01-06
RAI-170,ZMT-4681019,AMD-7000047,Ahmedabad,Vatva,RAI,Moderate,paid,947,PAY-ZMT4681019-002,5,0.8,False,,0,True,clean,2025-12-23
RAI-171,SWG-2768852,DEL-5000060,Delhi,Laxmi Nagar,RAI,Moderate,paid,1000,PAY-SWG2768852-001,5,0.2,False,,0,True,clean,2026-01-25
FLD-069,ZMT-4058159,MUM-1000036,Mumbai,Powai,FLD,Moderate,paid,2263,PAY-ZMT4058159-002,5,3.4,False,,0,True,clean,2025-12-20
FLD-070,SWG-2107569,KOL-3000043,Kolkata,Salt Lake,FLD,Severe,pending,2048,PAY-SWG2107569-001,5,3.1,False,,0,True,clean,2026-02-05
AQI-079,ZMT-8950901,JAI-8000041,Jaipur,Vaishali Nagar,AQI,Moderate,paid,1295,PAY-ZMT8950901-001,5,5.6,False,,0,True,clean,2026-01-22
AQI-080,ZMT-6428764,AMD-7000085,Ahmedabad,CG Road,AQI,Minor,paid,449,PAY-ZMT6428764-001,5,5.2,False,,0,True,clean,2026-03-05
RAI-172,SWG-6323702,AMD-7000043,Ahmedabad,Naroda,RAI,Minor,pending,479,PAY-SWG6323702-001,5,0.5,False,,0,True,clean,2026-01-06
RAI-173,SWG-4344717,BLR-1000003,Bengaluru,Koramangala,RAI,Minor,paid,805,PAY-SWG4344717-001,5,0.3,False,,0,True,clean,2026-01-14
STM-042,SWG-6554845,MUM-1000020,Mumbai,Dharavi,STM,Severe,pending,1544,PAY-SWG6554845-001,5,2.2,False,,0,True,clean,2026-02-20
RAI-174,SWG-6748402,MUM-1000089,Mumbai,Wadala,RAI,Moderate,pending,1267,PAY-SWG6748402-002,5,4.2,False,,0,True,clean,2026-02-19
AQI-081,SWG-7055334,AMD-7000025,Ahmedabad,Prahlad Nagar,AQI,Moderate,paid,1144,PAY-SWG7055334-002,5,8.0,False,,0,True,clean,2026-02-27
FLD-071,ZMT-4214793,KOL-3000028,Kolkata,Dunlop,FLD,Moderate,paid,1059,PAY-ZMT4214793-002,5,1.0,False,,0,True,clean,2025-12-26
RAI-175,ZMT-3899223,BLR-1000017,Bengaluru,Electronic City,RAI,Moderate,pending,2127,PAY-ZMT3899223-001,5,9.0,False,,0,True,clean,2026-02-20
AQI-082,ZMT-7009053,BLR-1000028,Bengaluru,Yelahanka,AQI,Minor,paid,539,PAY-ZMT7009053-001,5,3.3,False,,0,True,clean,2025-12-20
AQI-083,SWG-5435820,SRT-9000025,Surat,Adajan,AQI,Severe,rejected,0,,5,5.1,False,,0,True,clean,2026-01-16
RAI-176,SWG-2305411,HYD-4000057,Hyderabad,Uppal,RAI,Severe,pending,1413,PAY-SWG2305411-001,5,4.4,False,,0,True,clean,2026-01-16
RAI-177,ZMT-9508103,CHN-2000003,Chennai,Porur,RAI,Minor,rejected,0,,5,9.8,False,,0,True,clean,2026-02-06
AQI-084,SWG-2297070,MUM-1000056,Mumbai,Andheri,AQI,Minor,paid,758,PAY-SWG2297070-002,5,1.9,False,,0,True,clean,2026-01-06
RAI-178,ZMT-2028026,MUM-1000085,Mumbai,Wadala,RAI,Minor,pending,521,PAY-ZMT2028026-001,5,5.0,False,,0,True,clean,2026-03-05
RAI-179,SWG-5056398,KOL-3000037,Kolkata,Salt Lake,RAI,Moderate,paid,1653,PAY-SWG5056398-001,5,2.3,False,,0,True,clean,2026-03-09
AQI-085,SWG-9175606,PUN-6000075,Pune,Hinjewadi,AQI,Severe,paid,2187,PAY-SWG9175606-001,5,0.6,False,,0,True,clean,2026-02-16
RAI-180,SWG-6926278,PUN-6000090,Pune,Wagholi,RAI,Moderate,paid,1049,PAY-SWG6926278-002,5,0.5,False,,0,True,clean,2026-03-10
AQI-086,SWG-3412052,BLR-1000065,Bengaluru,Whitefield,AQI,Moderate,pending,1697,PAY-SWG3412052-001,5,0.7,False,,0,True,clean,2026-02-20
RAI-181,ZMT-3220569,JAI-8000098,Jaipur,Jagatpura,RAI,Moderate,paid,1473,PAY-ZMT3220569-001,5,5.3,False,,0,True,clean,2026-03-18
RAI-182,ZMT-3765135,AMD-7000091,Ahmedabad,Satellite,RAI,Moderate,paid,1449,PAY-ZMT3765135-002,5,4.5,False,,0,True,clean,2026-01-27
RAI-183,SWG-6055785,MUM-1000046,Mumbai,Andheri,RAI,Severe,pending,2360,PAY-SWG6055785-001,5,5.5,False,,0,True,clean,2026-01-06
RAI-184,SWG-7764490,KOL-3000059,Kolkata,Dunlop,RAI,Moderate,paid,985,PAY-SWG7764490-001,5,0.5,False,,0,True,clean,2026-01-01
LDS-004,ZMT-3728882,HYD-4000002,Hyderabad,Jubilee Hills,LDS,Severe,paid,3169,PAY-ZMT3728882-002,5,6.6,False,,0,True,clean,2026-02-01
STM-043,SWG-3556871,KOL-3000050,Kolkata,Shyambazar,STM,Minor,paid,391,PAY-SWG3556871-002,5,1.3,False,,0,True,clean,2026-01-25
FLD-072,SWG-2523219,PUN-6000073,Pune,Wagholi,FLD,Severe,paid,1000,PAY-SWG2523219-001,5,1.9,False,,0,True,clean,2026-01-16
FLD-073,SWG-8538435,JAI-8000105,Jaipur,Sitapura,FLD,Severe,rejected,0,,5,1.8,False,,0,True,clean,2026-02-22
FLD-074,SWG-3000143,PUN-6000034,Pune,Deccan,FLD,Moderate,paid,1277,PAY-SWG3000143-002,5,4.9,False,,0,True,clean,2026-01-15
RAI-185,ZMT-4125790,BLR-1000009,Bengaluru,Electronic City,RAI,Severe,pending,2590,PAY-ZMT4125790-001,5,5.0,False,,0,True,clean,2025-12-28
STM-044,ZMT-5257397,AMD-7000096,Ahmedabad,CG Road,STM,Severe,pending,1824,PAY-ZMT5257397-002,5,5.4,False,,0,True,clean,2026-02-03
RAI-186,SWG-2843416,KOL-3000080,Kolkata,Salt Lake,RAI,Severe,pending,2345,PAY-SWG2843416-001,5,0.5,False,,0,True,clean,2026-02-01
RAI-187,SWG-8898869,BLR-1000076,Bengaluru,Hebbal,RAI,Severe,rejected,0,,5,0.9,False,,0,True,clean,2026-01-20
EQK-005,SWG-5673212,MUM-1000001,Mumbai,Andheri,EQK,Moderate,paid,1472,PAY-SWG5673212-002,5,5.2,False,,0,True,clean,2026-01-27
AQI-087,ZMT-5187788,PUN-6000009,Pune,Shivajinagar,AQI,Minor,rejected,0,,3,19.9,True,Active deliveries detected during disruption window,1,False,flagged,2026-02-06
AQI-088,SWG-5001116,BLR-1000036,Bengaluru,Indiranagar,AQI,Moderate,pending,1366,PAY-SWG5001116-001,5,8.1,False,,0,True,clean,2026-02-03
RAI-188,ZMT-3612283,BLR-1000078,Bengaluru,Hebbal,RAI,Minor,paid,455,PAY-ZMT3612283-002,5,2.9,False,,0,True,clean,2026-01-06
AQI-089,SWG-3763756,AMD-7000079,Ahmedabad,Satellite,AQI,Moderate,pending,1555,PAY-SWG3763756-001,5,6.7,False,,0,True,clean,2026-02-07
RAI-189,ZMT-1106601,BLR-1000085,Bengaluru,Electronic City,RAI,Severe,paid,2412,PAY-ZMT1106601-001,5,3.9,False,,0,True,clean,2026-01-24
RAI-190,SWG-5755437,CHN-2000101,Chennai,Anna Nagar,RAI,Severe,paid,1984,PAY-SWG5755437-001,5,1.9,False,,0,True,clean,2026-03-15
AQI-090,SWG-7785940,DEL-5000066,Delhi,Janakpuri,AQI,Minor,paid,638,PAY-SWG7785940-001,5,3.7,False,,0,True,clean,2026-01-17
RAI-191,ZMT-8858093,DEL-5000057,Delhi,Dwarka,RAI,Minor,pending,634,PAY-ZMT8858093-001,5,0.1,False,,0,True,clean,2026-01-23
RAI-192,ZMT-2619558,JAI-8000068,Jaipur,Mansarovar,RAI,Minor,paid,396,PAY-ZMT2619558-002,5,2.3,False,,0,True,clean,2026-02-14
HTV-015,SWG-3296115,HYD-4000095,Hyderabad,Jubilee Hills,HTV,Minor,paid,844,PAY-SWG3296115-001,5,0.2,False,,0,True,clean,2026-03-18
AQI-091,SWG-9902483,BLR-1000055,Bengaluru,Hebbal,AQI,Moderate,paid,1042,PAY-SWG9902483-002,5,2.3,False,,0,True,clean,2025-12-23
WND-012,ZMT-7099518,CHN-2000059,Chennai,Adyar,WND,Moderate,paid,1133,PAY-ZMT7099518-002,5,3.7,False,,0,True,clean,2026-02-20
FLD-075,SWG-3341247,SRT-9000056,Surat,Pal,FLD,Severe,paid,1701,PAY-SWG3341247-002,5,6.7,False,,0,True,clean,2025-12-21
RAI-193,SWG-8640887,CHN-2000047,Chennai,Porur,RAI,Moderate,pending,1388,PAY-SWG8640887-001,5,7.7,False,,0,True,clean,2026-02-24
AQI-092,SWG-1077963,BLR-1000066,Bengaluru,Whitefield,AQI,Severe,rejected,0,,2,38.5,True,Poor honesty ratio: majority of past claims were rejected,1,False,flagged,2026-01-24
RAI-194,ZMT-1196256,CHN-2000105,Chennai,Adyar,RAI,Moderate,rejected,0,,0,18.6,True,Payout amount exceeds worker coverage amount,3,False,flagged,2026-02-19
STM-045,ZMT-1763562,KOL-3000036,Kolkata,Salt Lake,STM,Severe,paid,2823,PAY-ZMT1763562-002,5,8.5,False,,0,True,clean,2026-02-14
CRF-019,SWG-3017994,SRT-9000012,Surat,Pal,CRF,Minor,paid,493,PAY-SWG3017994-001,5,8.2,False,,0,True,clean,2025-12-24
FLD-076,SWG-6826801,PUN-6000076,Pune,Deccan,FLD,Moderate,paid,870,PAY-SWG6826801-001,5,2.6,False,,0,True,clean,2025-12-20
FLD-077,SWG-8312602,SRT-9000029,Surat,Vesu,FLD,Moderate,paid,957,PAY-SWG8312602-001,5,0.7,False,,0,True,clean,2026-02-28
RAI-195,ZMT-7520284,JAI-8000017,Jaipur,Jagatpura,RAI,Moderate,pending,946,PAY-ZMT7520284-002,5,2.0,False,,0,True,clean,2025-12-25
STM-046,ZMT-1763107,KOL-3000039,Kolkata,Behala,STM,Severe,paid,2338,PAY-ZMT1763107-001,5,9.4,False,,0,True,clean,2025-12-24
CRF-020,ZMT-2004736,CHN-2000095,Chennai,Saidapet,CRF,Minor,paid,499,PAY-ZMT2004736-003,5,0.0,False,,0,True,clean,2026-02-01
RAI-196,SWG-1807780,CHN-2000022,Chennai,Porur,RAI,Minor,pending,799,PAY-SWG1807780-001,5,10.2,False,,0,True,clean,2026-02-07
WND-013,ZMT-8746753,JAI-8000011,Jaipur,Sanganer,WND,Severe,paid,1039,PAY-ZMT8746753-001,5,2.8,False,,0,True,clean,2026-02-05
RAI-197,ZMT-1684371,PUN-6000037,Pune,Hadapsar,RAI,Severe,pending,1457,PAY-ZMT1684371-001,5,0.9,False,,0,True,clean,2026-01-16
FLD-078,SWG-2954202,SRT-9000091,Surat,Udhna,FLD,Moderate,pending,757,PAY-SWG2954202-001,5,2.2,False,,0,True,clean,2026-03-07
HTV-016,SWG-4468370,KOL-3000018,Kolkata,Tollygunge,HTV,Moderate,rejected,0,,5,9.5,False,,0,True,clean,2026-01-19
AQI-093,SWG-6861649,SRT-9000071,Surat,Vesu,AQI,Moderate,rejected,0,,5,4.2,False,,0,True,clean,2026-01-10
WND-014,ZMT-6470706,PUN-6000044,Pune,Baner,WND,Minor,paid,562,PAY-ZMT6470706-003,5,0.6,False,,0,True,clean,2026-03-17
CRF-021,ZMT-6726400,BLR-1000044,Bengaluru,Indiranagar,CRF,Moderate,paid,1732,PAY-ZMT6726400-001,5,1.6,False,,0,True,clean,2026-03-11
AQI-094,SWG-3995428,DEL-5000048,Delhi,Dwarka,AQI,Moderate,pending,1444,PAY-SWG3995428-001,5,9.0,False,,0,True,clean,2026-02-03
RAI-198,ZMT-9659648,PUN-6000039,Pune,Deccan,RAI,Moderate,paid,1220,PAY-ZMT9659648-001,5,0.9,False,,0,True,clean,2025-12-21
WND-015,ZMT-8063478,JAI-8000036,Jaipur,Mansarovar,WND,Minor,paid,467,PAY-ZMT8063478-001,5,1.4,False,,0,True,clean,2026-03-18
FLD-079,ZMT-3167873,SRT-9000052,Surat,Pal,FLD,Moderate,paid,981,PAY-ZMT3167873-001,5,7.6,False,,0,True,clean,2026-02-08
AQI-095,ZMT-6037133,JAI-8000106,Jaipur,Vaishali Nagar,AQI,Severe,pending,1643,PAY-ZMT6037133-001,5,2.4,False,,0,True,clean,2026-03-18
RAI-199,ZMT-5508832,SRT-9000051,Surat,Adajan,RAI,Minor,paid,494,PAY-ZMT5508832-002,5,2.0,False,,0,True,clean,2026-02-07
FLD-080,ZMT-5049009,BLR-1000046,Bengaluru,Hebbal,FLD,Moderate,pending,1149,PAY-ZMT5049009-001,5,3.2,False,,0,True,clean,2025-12-20
AQI-096,SWG-8455879,CHN-2000074,Chennai,Porur,AQI,Minor,paid,680,PAY-SWG8455879-002,5,3.2,False,,0,True,clean,2026-01-28
AQI-097,SWG-9215392,AMD-7000080,Ahmedabad,Navrangpura,AQI,Minor,paid,466,PAY-SWG9215392-001,5,0.0,False,,0,True,clean,2025-12-31
FLD-081,ZMT-8450565,SRT-9000095,Surat,Pal,FLD,Moderate,paid,1021,PAY-ZMT8450565-001,5,2.1,False,,0,True,clean,2026-03-13
EQK-006,ZMT-9467237,MUM-1000095,Mumbai,Bandra,EQK,Moderate,pending,1336,PAY-ZMT9467237-001,5,4.4,False,,0,True,clean,2026-03-10
